sa3_name,year,sa3_income_percentile
Adelaide City,2011,65
Adelaide City,2012,62
Adelaide City,2013,63
Adelaide City,2014,66
Adelaide City,2015,63
Adelaide City,2016,66
Adelaide Hills,2011,55
Adelaide Hills,2012,54
Adelaide Hills,2013,55
Adelaide Hills,2014,54
Adelaide Hills,2015,55
Adelaide Hills,2016,53
Albany,2011,9
Albany,2012,11
Albany,2013,14
Albany,2014,15
Albany,2015,14
Albany,2016,14
Albury,2011,22
Albury,2012,19
Albury,2013,16
Albury,2014,17
Albury,2015,17
Albury,2016,16
Alice Springs,2011,49
Alice Springs,2012,46
Alice Springs,2013,47
Alice Springs,2014,47
Alice Springs,2015,49
Alice Springs,2016,63
Armadale,2011,58
Armadale,2012,62
Armadale,2013,67
Armadale,2014,67
Armadale,2015,67
Armadale,2016,65
Armidale,2011,8
Armidale,2012,7
Armidale,2013,8
Armidale,2014,8
Armidale,2015,9
Armidale,2016,9
Auburn,2011,17
Auburn,2012,17
Auburn,2013,15
Auburn,2014,12
Auburn,2015,12
Auburn,2016,12
Augusta - Margaret River - Busselton,2011,22
Augusta - Margaret River - Busselton,2012,31
Augusta - Margaret River - Busselton,2013,40
Augusta - Margaret River - Busselton,2014,41
Augusta - Margaret River - Busselton,2015,42
Augusta - Margaret River - Busselton,2016,34
Bald Hills - Everton Park,2011,74
Bald Hills - Everton Park,2012,75
Bald Hills - Everton Park,2013,74
Bald Hills - Everton Park,2014,74
Bald Hills - Everton Park,2015,73
Bald Hills - Everton Park,2016,74
Ballarat,2011,25
Ballarat,2012,21
Ballarat,2013,19
Ballarat,2014,20
Ballarat,2015,23
Ballarat,2016,24
Bankstown,2011,35
Bankstown,2012,33
Bankstown,2013,31
Bankstown,2014,30
Bankstown,2015,29
Bankstown,2016,29
Banyule,2011,69
Banyule,2012,66
Banyule,2013,65
Banyule,2014,65
Banyule,2015,67
Banyule,2016,69
Barkly,2011,34
Barkly,2012,34
Barkly,2013,33
Barkly,2014,37
Barkly,2015,30
Barkly,2016,38
Barossa,2011,23
Barossa,2012,25
Barossa,2013,23
Barossa,2014,25
Barossa,2015,23
Barossa,2016,19
Barwon - West,2011,35
Barwon - West,2012,39
Barwon - West,2013,33
Barwon - West,2014,33
Barwon - West,2015,33
Barwon - West,2016,33
Bathurst,2011,42
Bathurst,2012,43
Bathurst,2013,40
Bathurst,2014,37
Bathurst,2015,39
Bathurst,2016,39
Baulkham Hills,2011,92
Baulkham Hills,2012,90
Baulkham Hills,2013,90
Baulkham Hills,2014,90
Baulkham Hills,2015,88
Baulkham Hills,2016,89
Baw Baw,2011,27
Baw Baw,2012,26
Baw Baw,2013,24
Baw Baw,2014,24
Baw Baw,2015,27
Baw Baw,2016,27
Bayside,2011,97
Bayside,2012,97
Bayside,2013,97
Bayside,2014,97
Bayside,2015,97
Bayside,2016,97
Bayswater - Bassendean,2011,66
Bayswater - Bassendean,2012,71
Bayswater - Bassendean,2013,73
Bayswater - Bassendean,2014,72
Bayswater - Bassendean,2015,72
Bayswater - Bassendean,2016,70
Beaudesert,2011,8
Beaudesert,2012,9
Beaudesert,2013,13
Beaudesert,2014,11
Beaudesert,2015,12
Beaudesert,2016,8
Beenleigh,2011,14
Beenleigh,2012,14
Beenleigh,2013,12
Beenleigh,2014,15
Beenleigh,2015,15
Beenleigh,2016,13
Belconnen,2011,77
Belconnen,2012,74
Belconnen,2013,73
Belconnen,2014,73
Belconnen,2015,68
Belconnen,2016,74
Belmont - Victoria Park,2011,72
Belmont - Victoria Park,2012,75
Belmont - Victoria Park,2013,78
Belmont - Victoria Park,2014,77
Belmont - Victoria Park,2015,75
Belmont - Victoria Park,2016,71
Bendigo,2011,18
Bendigo,2012,15
Bendigo,2013,14
Bendigo,2014,15
Bendigo,2015,16
Bendigo,2016,18
Biloela,2011,79
Biloela,2012,81
Biloela,2013,83
Biloela,2014,79
Biloela,2015,75
Biloela,2016,72
Blacktown,2011,41
Blacktown,2012,38
Blacktown,2013,36
Blacktown,2014,35
Blacktown,2015,33
Blacktown,2016,37
Blacktown - North,2011,74
Blacktown - North,2012,70
Blacktown - North,2013,69
Blacktown - North,2014,68
Blacktown - North,2015,71
Blacktown - North,2016,73
Blue Mountains,2011,65
Blue Mountains,2012,61
Blue Mountains,2013,58
Blue Mountains,2014,58
Blue Mountains,2015,56
Blue Mountains,2016,62
Boroondara,2011,96
Boroondara,2012,96
Boroondara,2013,95
Boroondara,2014,95
Boroondara,2015,95
Boroondara,2016,96
Botany,2011,57
Botany,2012,55
Botany,2013,54
Botany,2014,55
Botany,2015,56
Botany,2016,58
Bourke - Cobar - Coonamble,2011,19
Bourke - Cobar - Coonamble,2012,20
Bourke - Cobar - Coonamble,2013,23
Bourke - Cobar - Coonamble,2014,26
Bourke - Cobar - Coonamble,2015,28
Bourke - Cobar - Coonamble,2016,28
Bowen Basin - North,2011,94
Bowen Basin - North,2012,93
Bowen Basin - North,2013,94
Bowen Basin - North,2014,94
Bowen Basin - North,2015,93
Bowen Basin - North,2016,88
Bribie - Beachmere,2011,20
Bribie - Beachmere,2012,26
Bribie - Beachmere,2013,30
Bribie - Beachmere,2014,31
Bribie - Beachmere,2015,26
Bribie - Beachmere,2016,26
Brighton,2011,8
Brighton,2012,7
Brighton,2013,8
Brighton,2014,7
Brighton,2015,8
Brighton,2016,8
Brimbank,2011,15
Brimbank,2012,12
Brimbank,2013,10
Brimbank,2014,10
Brimbank,2015,10
Brimbank,2016,10
Bringelly - Green Valley,2011,31
Bringelly - Green Valley,2012,30
Bringelly - Green Valley,2013,29
Bringelly - Green Valley,2014,32
Bringelly - Green Valley,2015,34
Bringelly - Green Valley,2016,40
Brisbane Inner,2011,73
Brisbane Inner,2012,76
Brisbane Inner,2013,75
Brisbane Inner,2014,78
Brisbane Inner,2015,75
Brisbane Inner,2016,70
Brisbane Inner - East,2011,92
Brisbane Inner - East,2012,94
Brisbane Inner - East,2013,93
Brisbane Inner - East,2014,94
Brisbane Inner - East,2015,94
Brisbane Inner - East,2016,95
Brisbane Inner - North,2011,94
Brisbane Inner - North,2012,95
Brisbane Inner - North,2013,93
Brisbane Inner - North,2014,93
Brisbane Inner - North,2015,94
Brisbane Inner - North,2016,92
Brisbane Inner - West,2011,93
Brisbane Inner - West,2012,94
Brisbane Inner - West,2013,94
Brisbane Inner - West,2014,94
Brisbane Inner - West,2015,93
Brisbane Inner - West,2016,94
Broadbeach - Burleigh,2011,29
Broadbeach - Burleigh,2012,30
Broadbeach - Burleigh,2013,35
Broadbeach - Burleigh,2014,40
Broadbeach - Burleigh,2015,40
Broadbeach - Burleigh,2016,38
Broken Hill and Far West,2011,36
Broken Hill and Far West,2012,41
Broken Hill and Far West,2013,44
Broken Hill and Far West,2014,42
Broken Hill and Far West,2015,43
Broken Hill and Far West,2016,44
Browns Plains,2011,19
Browns Plains,2012,19
Browns Plains,2013,18
Browns Plains,2014,19
Browns Plains,2015,17
Browns Plains,2016,14
Brunswick - Coburg,2011,56
Brunswick - Coburg,2012,54
Brunswick - Coburg,2013,52
Brunswick - Coburg,2014,52
Brunswick - Coburg,2015,55
Brunswick - Coburg,2016,59
Buderim,2011,35
Buderim,2012,42
Buderim,2013,44
Buderim,2014,48
Buderim,2015,47
Buderim,2016,45
Bunbury,2011,73
Bunbury,2012,76
Bunbury,2013,76
Bunbury,2014,77
Bunbury,2015,77
Bunbury,2016,72
Bundaberg,2011,9
Bundaberg,2012,16
Bundaberg,2013,17
Bundaberg,2014,16
Bundaberg,2015,15
Bundaberg,2016,13
Burnett,2011,5
Burnett,2012,9
Burnett,2013,12
Burnett,2014,10
Burnett,2015,8
Burnett,2016,8
Burnie - Ulverstone,2011,16
Burnie - Ulverstone,2012,15
Burnie - Ulverstone,2013,16
Burnie - Ulverstone,2014,16
Burnie - Ulverstone,2015,18
Burnie - Ulverstone,2016,16
Burnside,2011,89
Burnside,2012,88
Burnside,2013,87
Burnside,2014,88
Burnside,2015,88
Burnside,2016,88
Caboolture,2011,7
Caboolture,2012,8
Caboolture,2013,8
Caboolture,2014,9
Caboolture,2015,8
Caboolture,2016,6
Caboolture Hinterland,2011,15
Caboolture Hinterland,2012,15
Caboolture Hinterland,2013,19
Caboolture Hinterland,2014,27
Caboolture Hinterland,2015,24
Caboolture Hinterland,2016,17
Cairns - North,2011,52
Cairns - North,2012,54
Cairns - North,2013,54
Cairns - North,2014,54
Cairns - North,2015,54
Cairns - North,2016,52
Cairns - South,2011,23
Cairns - South,2012,24
Cairns - South,2013,23
Cairns - South,2014,20
Cairns - South,2015,19
Cairns - South,2016,17
Caloundra,2011,25
Caloundra,2012,31
Caloundra,2013,42
Caloundra,2014,44
Caloundra,2015,42
Caloundra,2016,38
Camden,2011,70
Camden,2012,68
Camden,2013,66
Camden,2014,65
Camden,2015,66
Camden,2016,69
Campaspe,2011,5
Campaspe,2012,4
Campaspe,2013,4
Campaspe,2014,3
Campaspe,2015,5
Campaspe,2016,5
Campbelltown (NSW),2011,37
Campbelltown (NSW),2012,35
Campbelltown (NSW),2013,31
Campbelltown (NSW),2014,29
Campbelltown (NSW),2015,30
Campbelltown (NSW),2016,32
Campbelltown (SA),2011,38
Campbelltown (SA),2012,39
Campbelltown (SA),2013,38
Campbelltown (SA),2014,40
Campbelltown (SA),2015,39
Campbelltown (SA),2016,37
Canada Bay,2011,95
Canada Bay,2012,93
Canada Bay,2013,91
Canada Bay,2014,91
Canada Bay,2015,92
Canada Bay,2016,92
Canberra East,2011,52
Canberra East,2012,49
Canberra East,2013,51
Canberra East,2014,49
Canberra East,2015,30
Canberra East,2016,34
Canning,2011,65
Canning,2012,64
Canning,2013,64
Canning,2014,64
Canning,2015,64
Canning,2016,61
Canterbury,2011,17
Canterbury,2012,14
Canterbury,2013,13
Canterbury,2014,13
Canterbury,2015,14
Canterbury,2016,15
Capalaba,2011,56
Capalaba,2012,57
Capalaba,2013,57
Capalaba,2014,56
Capalaba,2015,58
Capalaba,2016,56
Cardinia,2011,34
Cardinia,2012,29
Cardinia,2013,28
Cardinia,2014,28
Cardinia,2015,28
Cardinia,2016,29
Carindale,2011,81
Carindale,2012,84
Carindale,2013,82
Carindale,2014,81
Carindale,2015,81
Carindale,2016,82
Carlingford,2011,66
Carlingford,2012,63
Carlingford,2013,61
Carlingford,2014,61
Carlingford,2015,61
Carlingford,2016,63
Casey - North,2011,40
Casey - North,2012,36
Casey - North,2013,33
Casey - North,2014,32
Casey - North,2015,32
Casey - North,2016,33
Casey - South,2011,26
Casey - South,2012,22
Casey - South,2013,20
Casey - South,2014,21
Casey - South,2015,20
Casey - South,2016,21
Centenary,2011,86
Centenary,2012,84
Centenary,2013,82
Centenary,2014,79
Centenary,2015,80
Centenary,2016,78
Central Highlands (Qld),2011,91
Central Highlands (Qld),2012,91
Central Highlands (Qld),2013,92
Central Highlands (Qld),2014,91
Central Highlands (Qld),2015,90
Central Highlands (Qld),2016,87
Central Highlands (Tas.),2011,2
Central Highlands (Tas.),2012,2
Central Highlands (Tas.),2013,3
Central Highlands (Tas.),2014,3
Central Highlands (Tas.),2015,2
Central Highlands (Tas.),2016,2
Charles Sturt,2011,43
Charles Sturt,2012,41
Charles Sturt,2013,41
Charles Sturt,2014,42
Charles Sturt,2015,44
Charles Sturt,2016,42
Charters Towers - Ayr - Ingham,2011,20
Charters Towers - Ayr - Ingham,2012,27
Charters Towers - Ayr - Ingham,2013,26
Charters Towers - Ayr - Ingham,2014,22
Charters Towers - Ayr - Ingham,2015,21
Charters Towers - Ayr - Ingham,2016,16
Chatswood - Lane Cove,2011,98
Chatswood - Lane Cove,2012,98
Chatswood - Lane Cove,2013,98
Chatswood - Lane Cove,2014,97
Chatswood - Lane Cove,2015,97
Chatswood - Lane Cove,2016,97
Chermside,2011,68
Chermside,2012,71
Chermside,2013,70
Chermside,2014,72
Chermside,2015,71
Chermside,2016,71
Christmas Island,2011,88
Christmas Island,2012,91
Christmas Island,2013,93
Christmas Island,2014,92
Christmas Island,2015,91
Christmas Island,2016,88
Clarence Valley,2011,3
Clarence Valley,2012,3
Clarence Valley,2013,3
Clarence Valley,2014,3
Clarence Valley,2015,3
Clarence Valley,2016,6
Cleveland - Stradbroke,2011,59
Cleveland - Stradbroke,2012,62
Cleveland - Stradbroke,2013,63
Cleveland - Stradbroke,2014,63
Cleveland - Stradbroke,2015,63
Cleveland - Stradbroke,2016,62
Cockburn,2011,75
Cockburn,2012,77
Cockburn,2013,80
Cockburn,2014,80
Cockburn,2015,81
Cockburn,2016,77
Cocos (Keeling) Islands,2013,1
Cocos (Keeling) Islands,2014,1
Coffs Harbour,2011,6
Coffs Harbour,2012,6
Coffs Harbour,2013,9
Coffs Harbour,2014,8
Coffs Harbour,2015,10
Coffs Harbour,2016,9
Colac - Corangamite,2011,3
Colac - Corangamite,2012,2
Colac - Corangamite,2013,2
Colac - Corangamite,2014,2
Colac - Corangamite,2015,2
Colac - Corangamite,2016,2
Coolangatta,2011,20
Coolangatta,2012,24
Coolangatta,2013,27
Coolangatta,2014,30
Coolangatta,2015,33
Coolangatta,2016,30
Cottesloe - Claremont,2011,99
Cottesloe - Claremont,2012,100
Cottesloe - Claremont,2013,100
Cottesloe - Claremont,2014,100
Cottesloe - Claremont,2015,100
Cottesloe - Claremont,2016,100
Creswick - Daylesford - Ballan,2011,21
Creswick - Daylesford - Ballan,2012,18
Creswick - Daylesford - Ballan,2013,19
Creswick - Daylesford - Ballan,2014,18
Creswick - Daylesford - Ballan,2015,22
Creswick - Daylesford - Ballan,2016,25
Cronulla - Miranda - Caringbah,2011,86
Cronulla - Miranda - Caringbah,2012,84
Cronulla - Miranda - Caringbah,2013,81
Cronulla - Miranda - Caringbah,2014,80
Cronulla - Miranda - Caringbah,2015,83
Cronulla - Miranda - Caringbah,2016,87
Daly - Tiwi - West Arnhem,2011,26
Daly - Tiwi - West Arnhem,2012,40
Daly - Tiwi - West Arnhem,2013,44
Daly - Tiwi - West Arnhem,2014,42
Daly - Tiwi - West Arnhem,2015,39
Daly - Tiwi - West Arnhem,2016,39
Dandenong,2011,7
Dandenong,2012,6
Dandenong,2013,5
Dandenong,2014,5
Dandenong,2015,4
Dandenong,2016,4
Dapto - Port Kembla,2011,53
Dapto - Port Kembla,2012,51
Dapto - Port Kembla,2013,49
Dapto - Port Kembla,2014,48
Dapto - Port Kembla,2015,47
Dapto - Port Kembla,2016,47
Darebin - North,2011,30
Darebin - North,2012,27
Darebin - North,2013,25
Darebin - North,2014,24
Darebin - North,2015,25
Darebin - North,2016,28
Darebin - South,2011,76
Darebin - South,2012,72
Darebin - South,2013,69
Darebin - South,2014,71
Darebin - South,2015,73
Darebin - South,2016,73
Darling Downs - East,2011,14
Darling Downs - East,2012,20
Darling Downs - East,2013,30
Darling Downs - East,2014,31
Darling Downs - East,2015,25
Darling Downs - East,2016,19
Darling Downs (West) - Maranoa,2011,13
Darling Downs (West) - Maranoa,2012,25
Darling Downs (West) - Maranoa,2013,31
Darling Downs (West) - Maranoa,2014,33
Darling Downs (West) - Maranoa,2015,28
Darling Downs (West) - Maranoa,2016,29
Darwin City,2011,72
Darwin City,2012,73
Darwin City,2013,72
Darwin City,2014,79
Darwin City,2015,86
Darwin City,2016,90
Darwin Suburbs,2011,70
Darwin Suburbs,2012,70
Darwin Suburbs,2013,72
Darwin Suburbs,2014,74
Darwin Suburbs,2015,76
Darwin Suburbs,2016,77
Devonport,2011,10
Devonport,2012,9
Devonport,2013,9
Devonport,2014,10
Devonport,2015,9
Devonport,2016,9
Dubbo,2011,16
Dubbo,2012,16
Dubbo,2013,15
Dubbo,2014,14
Dubbo,2015,17
Dubbo,2016,19
Dural - Wisemans Ferry,2011,88
Dural - Wisemans Ferry,2012,87
Dural - Wisemans Ferry,2013,85
Dural - Wisemans Ferry,2014,80
Dural - Wisemans Ferry,2015,80
Dural - Wisemans Ferry,2016,83
East Arnhem,2011,91
East Arnhem,2012,94
East Arnhem,2013,94
East Arnhem,2014,93
East Arnhem,2015,92
East Arnhem,2016,85
East Pilbara,2011,97
East Pilbara,2012,98
East Pilbara,2013,99
East Pilbara,2014,98
East Pilbara,2015,98
East Pilbara,2016,97
Eastern Suburbs - North,2011,99
Eastern Suburbs - North,2012,98
Eastern Suburbs - North,2013,98
Eastern Suburbs - North,2014,98
Eastern Suburbs - North,2015,98
Eastern Suburbs - North,2016,98
Eastern Suburbs - South,2011,89
Eastern Suburbs - South,2012,88
Eastern Suburbs - South,2013,88
Eastern Suburbs - South,2014,89
Eastern Suburbs - South,2015,89
Eastern Suburbs - South,2016,92
Esperance,2011,30
Esperance,2012,36
Esperance,2013,40
Esperance,2014,40
Esperance,2015,38
Esperance,2016,40
Essendon,2011,85
Essendon,2012,81
Essendon,2013,78
Essendon,2014,78
Essendon,2015,78
Essendon,2016,80
Eyre Peninsula and South West,2011,27
Eyre Peninsula and South West,2012,33
Eyre Peninsula and South West,2013,35
Eyre Peninsula and South West,2014,37
Eyre Peninsula and South West,2015,38
Eyre Peninsula and South West,2016,28
Fairfield,2011,12
Fairfield,2012,10
Fairfield,2013,9
Fairfield,2014,8
Fairfield,2015,9
Fairfield,2016,11
Far North,2011,13
Far North,2012,13
Far North,2013,23
Far North,2014,20
Far North,2015,24
Far North,2016,25
Fleurieu - Kangaroo Island,2011,2
Fleurieu - Kangaroo Island,2012,3
Fleurieu - Kangaroo Island,2013,3
Fleurieu - Kangaroo Island,2014,3
Fleurieu - Kangaroo Island,2015,4
Fleurieu - Kangaroo Island,2016,3
Forest Lake - Oxley,2011,30
Forest Lake - Oxley,2012,32
Forest Lake - Oxley,2013,32
Forest Lake - Oxley,2014,29
Forest Lake - Oxley,2015,26
Forest Lake - Oxley,2016,23
Frankston,2011,32
Frankston,2012,29
Frankston,2013,28
Frankston,2014,27
Frankston,2015,29
Frankston,2016,31
Fremantle,2011,88
Fremantle,2012,90
Fremantle,2013,91
Fremantle,2014,92
Fremantle,2015,90
Fremantle,2016,89
Gascoyne,2011,35
Gascoyne,2012,44
Gascoyne,2013,44
Gascoyne,2014,49
Gascoyne,2015,46
Gascoyne,2016,43
Gawler - Two Wells,2011,29
Gawler - Two Wells,2012,31
Gawler - Two Wells,2013,30
Gawler - Two Wells,2014,33
Gawler - Two Wells,2015,33
Gawler - Two Wells,2016,29
Geelong,2011,39
Geelong,2012,37
Geelong,2013,37
Geelong,2014,34
Geelong,2015,35
Geelong,2016,35
Gippsland - East,2011,3
Gippsland - East,2012,3
Gippsland - East,2013,4
Gippsland - East,2014,4
Gippsland - East,2015,5
Gippsland - East,2016,3
Gippsland - South West,2011,12
Gippsland - South West,2012,9
Gippsland - South West,2013,5
Gippsland - South West,2014,4
Gippsland - South West,2015,6
Gippsland - South West,2016,5
Gladstone,2011,87
Gladstone,2012,92
Gladstone,2013,96
Gladstone,2014,96
Gladstone,2015,96
Gladstone,2016,95
Glen Eira,2011,79
Glen Eira,2012,74
Glen Eira,2013,74
Glen Eira,2014,76
Glen Eira,2015,76
Glen Eira,2016,79
Glenelg - Southern Grampians,2011,11
Glenelg - Southern Grampians,2012,11
Glenelg - Southern Grampians,2013,8
Glenelg - Southern Grampians,2014,10
Glenelg - Southern Grampians,2015,11
Glenelg - Southern Grampians,2016,8
Gold Coast - North,2011,22
Gold Coast - North,2012,26
Gold Coast - North,2013,29
Gold Coast - North,2014,33
Gold Coast - North,2015,29
Gold Coast - North,2016,25
Gold Coast Hinterland,2011,32
Gold Coast Hinterland,2012,34
Gold Coast Hinterland,2013,42
Gold Coast Hinterland,2014,42
Gold Coast Hinterland,2015,39
Gold Coast Hinterland,2016,40
Goldfields,2011,89
Goldfields,2012,91
Goldfields,2013,92
Goldfields,2014,91
Goldfields,2015,89
Goldfields,2016,89
Gosford,2011,46
Gosford,2012,47
Gosford,2013,46
Gosford,2014,46
Gosford,2015,48
Gosford,2016,49
Gosnells,2011,53
Gosnells,2012,58
Gosnells,2013,62
Gosnells,2014,59
Gosnells,2015,60
Gosnells,2016,54
Goulburn - Mulwaree,2011,29
Goulburn - Mulwaree,2012,25
Goulburn - Mulwaree,2013,22
Goulburn - Mulwaree,2014,23
Goulburn - Mulwaree,2015,25
Goulburn - Mulwaree,2016,29
Grampians,2011,2
Grampians,2012,2
Grampians,2013,2
Grampians,2014,2
Grampians,2015,2
Grampians,2016,2
Granite Belt,2011,1
Granite Belt,2012,1
Granite Belt,2013,1
Granite Belt,2014,1
Granite Belt,2015,2
Granite Belt,2016,1
Great Lakes,2011,3
Great Lakes,2012,3
Great Lakes,2013,4
Great Lakes,2014,2
Great Lakes,2015,2
Great Lakes,2016,3
Griffith - Murrumbidgee (West),2011,5
Griffith - Murrumbidgee (West),2012,4
Griffith - Murrumbidgee (West),2013,3
Griffith - Murrumbidgee (West),2014,4
Griffith - Murrumbidgee (West),2015,4
Griffith - Murrumbidgee (West),2016,5
Gungahlin,2011,87
Gungahlin,2012,86
Gungahlin,2013,83
Gungahlin,2014,82
Gungahlin,2015,79
Gungahlin,2016,83
Gympie - Cooloola,2011,6
Gympie - Cooloola,2012,8
Gympie - Cooloola,2013,10
Gympie - Cooloola,2014,11
Gympie - Cooloola,2015,11
Gympie - Cooloola,2016,7
Hawkesbury,2011,49
Hawkesbury,2012,48
Hawkesbury,2013,47
Hawkesbury,2014,49
Hawkesbury,2015,52
Hawkesbury,2016,55
Heathcote - Castlemaine - Kyneton,2011,28
Heathcote - Castlemaine - Kyneton,2012,26
Heathcote - Castlemaine - Kyneton,2013,25
Heathcote - Castlemaine - Kyneton,2014,24
Heathcote - Castlemaine - Kyneton,2015,26
Heathcote - Castlemaine - Kyneton,2016,30
Hervey Bay,2011,10
Hervey Bay,2012,16
Hervey Bay,2013,21
Hervey Bay,2014,21
Hervey Bay,2015,18
Hervey Bay,2016,15
Hobart - North East,2011,37
Hobart - North East,2012,34
Hobart - North East,2013,36
Hobart - North East,2014,36
Hobart - North East,2015,35
Hobart - North East,2016,37
Hobart - North West,2011,9
Hobart - North West,2012,8
Hobart - North West,2013,7
Hobart - North West,2014,7
Hobart - North West,2015,6
Hobart - North West,2016,7
Hobart - South and West,2011,41
Hobart - South and West,2012,41
Hobart - South and West,2013,40
Hobart - South and West,2014,43
Hobart - South and West,2015,41
Hobart - South and West,2016,41
Hobart Inner,2011,61
Hobart Inner,2012,58
Hobart Inner,2013,58
Hobart Inner,2014,59
Hobart Inner,2015,60
Hobart Inner,2016,56
Hobsons Bay,2011,69
Hobsons Bay,2012,68
Hobsons Bay,2013,68
Hobsons Bay,2014,68
Hobsons Bay,2015,72
Hobsons Bay,2016,75
Holdfast Bay,2011,72
Holdfast Bay,2012,72
Holdfast Bay,2013,69
Holdfast Bay,2014,68
Holdfast Bay,2015,71
Holdfast Bay,2016,71
Holland Park - Yeronga,2011,72
Holland Park - Yeronga,2012,73
Holland Park - Yeronga,2013,71
Holland Park - Yeronga,2014,71
Holland Park - Yeronga,2015,72
Holland Park - Yeronga,2016,72
Hornsby,2011,85
Hornsby,2012,83
Hornsby,2013,80
Hornsby,2014,79
Hornsby,2015,79
Hornsby,2016,82
Huon - Bruny Island,2011,4
Huon - Bruny Island,2012,4
Huon - Bruny Island,2013,3
Huon - Bruny Island,2014,6
Huon - Bruny Island,2015,7
Huon - Bruny Island,2016,5
Hurstville,2011,62
Hurstville,2012,56
Hurstville,2013,54
Hurstville,2014,54
Hurstville,2015,53
Hurstville,2016,53
Innisfail - Cassowary Coast,2011,3
Innisfail - Cassowary Coast,2012,2
Innisfail - Cassowary Coast,2013,2
Innisfail - Cassowary Coast,2014,2
Innisfail - Cassowary Coast,2015,2
Innisfail - Cassowary Coast,2016,2
Inverell - Tenterfield,2011,1
Inverell - Tenterfield,2012,1
Inverell - Tenterfield,2013,1
Inverell - Tenterfield,2014,1
Inverell - Tenterfield,2015,1
Inverell - Tenterfield,2016,1
Ipswich Hinterland,2011,20
Ipswich Hinterland,2012,21
Ipswich Hinterland,2013,23
Ipswich Hinterland,2014,23
Ipswich Hinterland,2015,22
Ipswich Hinterland,2016,17
Ipswich Inner,2011,40
Ipswich Inner,2012,40
Ipswich Inner,2013,40
Ipswich Inner,2014,41
Ipswich Inner,2015,40
Ipswich Inner,2016,39
Jimboomba,2011,45
Jimboomba,2012,48
Jimboomba,2013,50
Jimboomba,2014,51
Jimboomba,2015,50
Jimboomba,2016,48
Joondalup,2011,82
Joondalup,2012,85
Joondalup,2013,87
Joondalup,2014,87
Joondalup,2015,87
Joondalup,2016,84
Kalamunda,2011,76
Kalamunda,2012,79
Kalamunda,2013,81
Kalamunda,2014,79
Kalamunda,2015,78
Kalamunda,2016,76
Katherine,2011,45
Katherine,2012,45
Katherine,2013,44
Katherine,2014,46
Katherine,2015,42
Katherine,2016,31
Keilor,2011,63
Keilor,2012,60
Keilor,2013,57
Keilor,2014,60
Keilor,2015,61
Keilor,2016,65
Kempsey - Nambucca,2011,2
Kempsey - Nambucca,2012,2
Kempsey - Nambucca,2013,2
Kempsey - Nambucca,2014,3
Kempsey - Nambucca,2015,2
Kempsey - Nambucca,2016,2
Kenmore - Brookfield - Moggill,2011,95
Kenmore - Brookfield - Moggill,2012,97
Kenmore - Brookfield - Moggill,2013,97
Kenmore - Brookfield - Moggill,2014,95
Kenmore - Brookfield - Moggill,2015,94
Kenmore - Brookfield - Moggill,2016,95
Kiama - Shellharbour,2011,53
Kiama - Shellharbour,2012,52
Kiama - Shellharbour,2013,51
Kiama - Shellharbour,2014,51
Kiama - Shellharbour,2015,51
Kiama - Shellharbour,2016,51
Kimberley,2011,52
Kimberley,2012,55
Kimberley,2013,58
Kimberley,2014,59
Kimberley,2015,55
Kimberley,2016,56
Kingston,2011,65
Kingston,2012,63
Kingston,2013,61
Kingston,2014,63
Kingston,2015,64
Kingston,2016,68
Knox,2011,46
Knox,2012,44
Knox,2013,43
Knox,2014,43
Knox,2015,44
Knox,2016,44
Kogarah - Rockdale,2011,49
Kogarah - Rockdale,2012,49
Kogarah - Rockdale,2013,48
Kogarah - Rockdale,2014,47
Kogarah - Rockdale,2015,45
Kogarah - Rockdale,2016,47
Ku-ring-gai,2011,100
Ku-ring-gai,2012,99
Ku-ring-gai,2013,99
Ku-ring-gai,2014,99
Ku-ring-gai,2015,99
Ku-ring-gai,2016,99
Kwinana,2011,58
Kwinana,2012,64
Kwinana,2013,67
Kwinana,2014,67
Kwinana,2015,68
Kwinana,2016,65
Lachlan Valley,2011,5
Lachlan Valley,2012,7
Lachlan Valley,2013,7
Lachlan Valley,2014,5
Lachlan Valley,2015,6
Lachlan Valley,2016,7
Lake Macquarie - East,2011,62
Lake Macquarie - East,2012,61
Lake Macquarie - East,2013,59
Lake Macquarie - East,2014,57
Lake Macquarie - East,2015,56
Lake Macquarie - East,2016,58
Lake Macquarie - West,2011,48
Lake Macquarie - West,2012,50
Lake Macquarie - West,2013,50
Lake Macquarie - West,2014,49
Lake Macquarie - West,2015,46
Lake Macquarie - West,2016,45
Latrobe Valley,2011,58
Latrobe Valley,2012,55
Latrobe Valley,2013,55
Latrobe Valley,2014,56
Latrobe Valley,2015,60
Latrobe Valley,2016,60
Launceston,2011,18
Launceston,2012,15
Launceston,2013,16
Launceston,2014,17
Launceston,2015,19
Launceston,2016,18
Leichhardt,2011,98
Leichhardt,2012,99
Leichhardt,2013,99
Leichhardt,2014,98
Leichhardt,2015,98
Leichhardt,2016,99
Limestone Coast,2011,5
Limestone Coast,2012,5
Limestone Coast,2013,4
Limestone Coast,2014,4
Limestone Coast,2015,4
Limestone Coast,2016,4
Litchfield,2011,77
Litchfield,2012,77
Litchfield,2013,80
Litchfield,2014,85
Litchfield,2015,86
Litchfield,2016,86
Lithgow - Mudgee,2011,57
Lithgow - Mudgee,2012,60
Lithgow - Mudgee,2013,57
Lithgow - Mudgee,2014,59
Lithgow - Mudgee,2015,55
Lithgow - Mudgee,2016,50
Liverpool,2011,48
Liverpool,2012,47
Liverpool,2013,45
Liverpool,2014,45
Liverpool,2015,45
Liverpool,2016,46
Loddon - Elmore,2011,1
Loddon - Elmore,2012,1
Loddon - Elmore,2013,1
Loddon - Elmore,2014,1
Loddon - Elmore,2015,1
Loddon - Elmore,2016,2
Loganlea - Carbrook,2011,34
Loganlea - Carbrook,2012,35
Loganlea - Carbrook,2013,34
Loganlea - Carbrook,2014,34
Loganlea - Carbrook,2015,35
Loganlea - Carbrook,2016,34
Lord Howe Island,2011,1
Lord Howe Island,2012,1
Lord Howe Island,2013,1
Lord Howe Island,2014,1
Lord Howe Island,2015,1
Lord Howe Island,2016,1
Lower Hunter,2011,71
Lower Hunter,2012,74
Lower Hunter,2013,74
Lower Hunter,2014,69
Lower Hunter,2015,67
Lower Hunter,2016,64
Lower Murray,2011,1
Lower Murray,2012,1
Lower Murray,2013,1
Lower Murray,2014,1
Lower Murray,2015,1
Lower Murray,2016,1
Lower North,2011,2
Lower North,2012,3
Lower North,2013,3
Lower North,2014,2
Lower North,2015,2
Lower North,2016,2
Macedon Ranges,2011,67
Macedon Ranges,2012,66
Macedon Ranges,2013,63
Macedon Ranges,2014,64
Macedon Ranges,2015,66
Macedon Ranges,2016,70
Mackay,2011,84
Mackay,2012,87
Mackay,2013,86
Mackay,2014,85
Mackay,2015,80
Mackay,2016,74
Maitland,2011,67
Maitland,2012,71
Maitland,2013,68
Maitland,2014,64
Maitland,2015,65
Maitland,2016,62
Mandurah,2011,75
Mandurah,2012,81
Mandurah,2013,85
Mandurah,2014,86
Mandurah,2015,86
Mandurah,2016,78
Manjimup,2011,17
Manjimup,2012,23
Manjimup,2013,28
Manjimup,2014,24
Manjimup,2015,30
Manjimup,2016,28
Manly,2011,97
Manly,2012,97
Manly,2013,97
Manly,2014,99
Manly,2015,99
Manly,2016,100
Manningham - East,2011,86
Manningham - East,2012,84
Manningham - East,2013,80
Manningham - East,2014,81
Manningham - East,2015,81
Manningham - East,2016,83
Manningham - West,2011,67
Manningham - West,2012,65
Manningham - West,2013,61
Manningham - West,2014,62
Manningham - West,2015,62
Manningham - West,2016,63
Maribyrnong,2011,52
Maribyrnong,2012,51
Maribyrnong,2013,51
Maribyrnong,2014,50
Maribyrnong,2015,50
Maribyrnong,2016,51
Marion,2011,37
Marion,2012,38
Marion,2013,38
Marion,2014,38
Marion,2015,38
Marion,2016,38
Maroochy,2011,11
Maroochy,2012,17
Maroochy,2013,21
Maroochy,2014,26
Maroochy,2015,25
Maroochy,2016,25
Maroondah,2011,50
Maroondah,2012,48
Maroondah,2013,47
Maroondah,2014,47
Maroondah,2015,49
Maroondah,2016,50
Marrickville - Sydenham - Petersham,2011,76
Marrickville - Sydenham - Petersham,2012,73
Marrickville - Sydenham - Petersham,2013,72
Marrickville - Sydenham - Petersham,2014,72
Marrickville - Sydenham - Petersham,2015,74
Marrickville - Sydenham - Petersham,2016,78
Maryborough,2011,13
Maryborough,2012,14
Maryborough,2013,15
Maryborough,2014,15
Maryborough,2015,13
Maryborough,2016,12
Maryborough - Pyrenees,2011,1
Maryborough - Pyrenees,2012,1
Maryborough - Pyrenees,2013,1
Maryborough - Pyrenees,2014,1
Maryborough - Pyrenees,2015,1
Maryborough - Pyrenees,2016,1
Meander Valley - West Tamar,2011,9
Meander Valley - West Tamar,2012,8
Meander Valley - West Tamar,2013,8
Meander Valley - West Tamar,2014,7
Meander Valley - West Tamar,2015,8
Meander Valley - West Tamar,2016,8
Melbourne City,2011,78
Melbourne City,2012,69
Melbourne City,2013,64
Melbourne City,2014,69
Melbourne City,2015,63
Melbourne City,2016,64
Melton - Bacchus Marsh,2011,44
Melton - Bacchus Marsh,2012,42
Melton - Bacchus Marsh,2013,41
Melton - Bacchus Marsh,2014,39
Melton - Bacchus Marsh,2015,39
Melton - Bacchus Marsh,2016,41
Melville,2011,90
Melville,2012,91
Melville,2013,93
Melville,2014,93
Melville,2015,93
Melville,2016,91
Merrylands - Guildford,2011,26
Merrylands - Guildford,2012,23
Merrylands - Guildford,2013,20
Merrylands - Guildford,2014,19
Merrylands - Guildford,2015,18
Merrylands - Guildford,2016,20
Mid North,2011,12
Mid North,2012,15
Mid North,2013,14
Mid North,2014,14
Mid North,2015,17
Mid North,2016,14
Mid West,2011,51
Mid West,2012,57
Mid West,2013,62
Mid West,2014,61
Mid West,2015,62
Mid West,2016,56
Mildura,2011,4
Mildura,2012,3
Mildura,2013,3
Mildura,2014,3
Mildura,2015,3
Mildura,2016,3
Mitcham,2011,70
Mitcham,2012,69
Mitcham,2013,68
Mitcham,2014,67
Mitcham,2015,69
Mitcham,2016,70
Moira,2011,2
Moira,2012,2
Moira,2013,2
Moira,2014,2
Moira,2015,3
Moira,2016,2
Molonglo,2013,98
Molonglo,2014,97
Molonglo,2015,93
Molonglo,2016,93
Monash,2011,55
Monash,2012,53
Monash,2013,53
Monash,2014,53
Monash,2015,53
Monash,2016,54
Moree - Narrabri,2011,12
Moree - Narrabri,2012,12
Moree - Narrabri,2013,15
Moree - Narrabri,2014,15
Moree - Narrabri,2015,15
Moree - Narrabri,2016,17
Moreland - North,2011,36
Moreland - North,2012,34
Moreland - North,2013,35
Moreland - North,2014,33
Moreland - North,2015,33
Moreland - North,2016,39
Mornington Peninsula,2011,41
Mornington Peninsula,2012,39
Mornington Peninsula,2013,36
Mornington Peninsula,2014,36
Mornington Peninsula,2015,41
Mornington Peninsula,2016,44
Mount Druitt,2011,23
Mount Druitt,2012,20
Mount Druitt,2013,18
Mount Druitt,2014,17
Mount Druitt,2015,16
Mount Druitt,2016,20
Mt Gravatt,2011,49
Mt Gravatt,2012,51
Mt Gravatt,2013,51
Mt Gravatt,2014,51
Mt Gravatt,2015,50
Mt Gravatt,2016,49
Mudgeeraba - Tallebudgera,2011,32
Mudgeeraba - Tallebudgera,2012,38
Mudgeeraba - Tallebudgera,2013,43
Mudgeeraba - Tallebudgera,2014,45
Mudgeeraba - Tallebudgera,2015,47
Mudgeeraba - Tallebudgera,2016,46
Mundaring,2011,75
Mundaring,2012,79
Mundaring,2013,82
Mundaring,2014,80
Mundaring,2015,80
Mundaring,2016,76
Murray and Mallee,2011,1
Murray and Mallee,2012,1
Murray and Mallee,2013,1
Murray and Mallee,2014,1
Murray and Mallee,2015,1
Murray and Mallee,2016,1
Murray River - Swan Hill,2011,1
Murray River - Swan Hill,2012,1
Murray River - Swan Hill,2013,1
Murray River - Swan Hill,2014,1
Murray River - Swan Hill,2015,1
Murray River - Swan Hill,2016,1
Nambour,2011,14
Nambour,2012,17
Nambour,2013,19
Nambour,2014,18
Nambour,2015,18
Nambour,2016,18
Narangba - Burpengary,2011,32
Narangba - Burpengary,2012,36
Narangba - Burpengary,2013,38
Narangba - Burpengary,2014,37
Narangba - Burpengary,2015,38
Narangba - Burpengary,2016,36
Nathan,2011,56
Nathan,2012,56
Nathan,2013,56
Nathan,2014,55
Nathan,2015,57
Nathan,2016,56
Nerang,2011,20
Nerang,2012,20
Nerang,2013,25
Nerang,2014,26
Nerang,2015,26
Nerang,2016,24
Newcastle,2011,60
Newcastle,2012,60
Newcastle,2013,58
Newcastle,2014,58
Newcastle,2015,59
Newcastle,2016,58
Nillumbik - Kinglake,2011,74
Nillumbik - Kinglake,2012,70
Nillumbik - Kinglake,2013,67
Nillumbik - Kinglake,2014,67
Nillumbik - Kinglake,2015,69
Nillumbik - Kinglake,2016,72
Noosa,2011,10
Noosa,2012,16
Noosa,2013,24
Noosa,2014,29
Noosa,2015,27
Noosa,2016,24
Noosa Hinterland,2011,13
Noosa Hinterland,2012,16
Noosa Hinterland,2013,24
Noosa Hinterland,2014,25
Noosa Hinterland,2015,23
Noosa Hinterland,2016,22
North Canberra,2011,87
North Canberra,2012,87
North Canberra,2013,86
North Canberra,2014,88
North Canberra,2015,85
North Canberra,2016,88
North East,2011,4
North East,2012,4
North East,2013,5
North East,2014,5
North East,2015,5
North East,2016,3
North Lakes,2011,54
North Lakes,2012,53
North Lakes,2013,54
North Lakes,2014,55
North Lakes,2015,54
North Lakes,2016,49
North Sydney - Mosman,2011,100
North Sydney - Mosman,2012,100
North Sydney - Mosman,2013,100
North Sydney - Mosman,2014,100
North Sydney - Mosman,2015,100
North Sydney - Mosman,2016,100
Norwood - Payneham - St Peters,2011,68
Norwood - Payneham - St Peters,2012,68
Norwood - Payneham - St Peters,2013,67
Norwood - Payneham - St Peters,2014,65
Norwood - Payneham - St Peters,2015,67
Norwood - Payneham - St Peters,2016,69
Nundah,2011,58
Nundah,2012,62
Nundah,2013,63
Nundah,2014,63
Nundah,2015,63
Nundah,2016,65
Onkaparinga,2011,24
Onkaparinga,2012,22
Onkaparinga,2013,22
Onkaparinga,2014,22
Onkaparinga,2015,22
Onkaparinga,2016,21
Orange,2011,45
Orange,2012,50
Orange,2013,48
Orange,2014,45
Orange,2015,47
Orange,2016,48
Ormeau - Oxenford,2011,45
Ormeau - Oxenford,2012,46
Ormeau - Oxenford,2013,49
Ormeau - Oxenford,2014,49
Ormeau - Oxenford,2015,49
Ormeau - Oxenford,2016,46
Outback - North,2011,83
Outback - North,2012,85
Outback - North,2013,86
Outback - North,2014,85
Outback - North,2015,86
Outback - North,2016,83
Outback - North and East,2011,66
Outback - North and East,2012,73
Outback - North and East,2013,74
Outback - North and East,2014,73
Outback - North and East,2015,73
Outback - North and East,2016,69
Outback - South,2011,8
Outback - South,2012,12
Outback - South,2013,11
Outback - South,2014,12
Outback - South,2015,8
Outback - South,2016,13
Palmerston,2011,68
Palmerston,2012,73
Palmerston,2013,76
Palmerston,2014,81
Palmerston,2015,86
Palmerston,2016,88
Parramatta,2011,51
Parramatta,2012,50
Parramatta,2013,50
Parramatta,2014,50
Parramatta,2015,51
Parramatta,2016,52
Pennant Hills - Epping,2011,94
Pennant Hills - Epping,2012,92
Pennant Hills - Epping,2013,92
Pennant Hills - Epping,2014,91
Pennant Hills - Epping,2015,91
Pennant Hills - Epping,2016,91
Penrith,2011,54
Penrith,2012,52
Penrith,2013,52
Penrith,2014,52
Penrith,2015,52
Penrith,2016,55
Perth City,2011,93
Perth City,2012,94
Perth City,2013,96
Perth City,2014,96
Perth City,2015,96
Perth City,2016,95
Pittwater,2011,91
Pittwater,2012,90
Pittwater,2013,88
Pittwater,2014,88
Pittwater,2015,88
Pittwater,2016,90
Playford,2011,7
Playford,2012,7
Playford,2013,7
Playford,2014,7
Playford,2015,7
Playford,2016,5
Port Adelaide - East,2011,25
Port Adelaide - East,2012,23
Port Adelaide - East,2013,24
Port Adelaide - East,2014,25
Port Adelaide - East,2015,23
Port Adelaide - East,2016,22
Port Adelaide - West,2011,32
Port Adelaide - West,2012,31
Port Adelaide - West,2013,30
Port Adelaide - West,2014,31
Port Adelaide - West,2015,31
Port Adelaide - West,2016,28
Port Douglas - Daintree,2011,1
Port Douglas - Daintree,2012,1
Port Douglas - Daintree,2013,1
Port Douglas - Daintree,2014,1
Port Douglas - Daintree,2015,1
Port Douglas - Daintree,2016,1
Port Macquarie,2011,14
Port Macquarie,2012,14
Port Macquarie,2013,13
Port Macquarie,2014,13
Port Macquarie,2015,15
Port Macquarie,2016,17
Port Phillip,2011,95
Port Phillip,2012,93
Port Phillip,2013,91
Port Phillip,2014,92
Port Phillip,2015,92
Port Phillip,2016,93
Port Stephens,2011,38
Port Stephens,2012,43
Port Stephens,2013,39
Port Stephens,2014,36
Port Stephens,2015,34
Port Stephens,2016,33
Prospect - Walkerville,2011,71
Prospect - Walkerville,2012,70
Prospect - Walkerville,2013,67
Prospect - Walkerville,2014,70
Prospect - Walkerville,2015,71
Prospect - Walkerville,2016,73
Queanbeyan,2011,80
Queanbeyan,2012,76
Queanbeyan,2013,78
Queanbeyan,2014,76
Queanbeyan,2015,74
Queanbeyan,2016,79
Redcliffe,2011,39
Redcliffe,2012,42
Redcliffe,2013,43
Redcliffe,2014,45
Redcliffe,2015,45
Redcliffe,2016,43
Richmond - Windsor,2011,43
Richmond - Windsor,2012,40
Richmond - Windsor,2013,35
Richmond - Windsor,2014,37
Richmond - Windsor,2015,41
Richmond - Windsor,2016,41
Richmond Valley - Coastal,2011,4
Richmond Valley - Coastal,2012,5
Richmond Valley - Coastal,2013,6
Richmond Valley - Coastal,2014,6
Richmond Valley - Coastal,2015,5
Richmond Valley - Coastal,2016,6
Richmond Valley - Hinterland,2011,4
Richmond Valley - Hinterland,2012,4
Richmond Valley - Hinterland,2013,4
Richmond Valley - Hinterland,2014,4
Richmond Valley - Hinterland,2015,3
Richmond Valley - Hinterland,2016,4
Robina,2011,19
Robina,2012,21
Robina,2013,25
Robina,2014,28
Robina,2015,26
Robina,2016,25
Rockhampton,2011,57
Rockhampton,2012,64
Rockhampton,2013,63
Rockhampton,2014,62
Rockhampton,2015,62
Rockhampton,2016,59
Rockingham,2011,78
Rockingham,2012,83
Rockingham,2013,87
Rockingham,2014,86
Rockingham,2015,87
Rockingham,2016,82
Rocklea - Acacia Ridge,2011,44
Rocklea - Acacia Ridge,2012,44
Rocklea - Acacia Ridge,2013,43
Rocklea - Acacia Ridge,2014,41
Rocklea - Acacia Ridge,2015,36
Rocklea - Acacia Ridge,2016,30
Rouse Hill - McGraths Hill,2011,81
Rouse Hill - McGraths Hill,2012,77
Rouse Hill - McGraths Hill,2013,75
Rouse Hill - McGraths Hill,2014,76
Rouse Hill - McGraths Hill,2015,78
Rouse Hill - McGraths Hill,2016,81
Ryde - Hunters Hill,2011,88
Ryde - Hunters Hill,2012,86
Ryde - Hunters Hill,2013,83
Ryde - Hunters Hill,2014,82
Ryde - Hunters Hill,2015,83
Ryde - Hunters Hill,2016,84
Salisbury,2011,14
Salisbury,2012,13
Salisbury,2013,12
Salisbury,2014,12
Salisbury,2015,12
Salisbury,2016,10
Sandgate,2011,52
Sandgate,2012,55
Sandgate,2013,53
Sandgate,2014,55
Sandgate,2015,54
Sandgate,2016,51
Serpentine - Jarrahdale,2011,76
Serpentine - Jarrahdale,2012,81
Serpentine - Jarrahdale,2013,81
Serpentine - Jarrahdale,2014,78
Serpentine - Jarrahdale,2015,79
Serpentine - Jarrahdale,2016,74
Shepparton,2011,6
Shepparton,2012,5
Shepparton,2013,5
Shepparton,2014,6
Shepparton,2015,7
Shepparton,2016,8
Sherwood - Indooroopilly,2011,89
Sherwood - Indooroopilly,2012,90
Sherwood - Indooroopilly,2013,91
Sherwood - Indooroopilly,2014,91
Sherwood - Indooroopilly,2015,90
Sherwood - Indooroopilly,2016,88
Shoalhaven,2011,12
Shoalhaven,2012,10
Shoalhaven,2013,10
Shoalhaven,2014,10
Shoalhaven,2015,11
Shoalhaven,2016,11
Snowy Mountains,2011,8
Snowy Mountains,2012,9
Snowy Mountains,2013,8
Snowy Mountains,2014,9
Snowy Mountains,2015,7
Snowy Mountains,2016,8
Sorell - Dodges Ferry,2011,11
Sorell - Dodges Ferry,2012,9
Sorell - Dodges Ferry,2013,10
Sorell - Dodges Ferry,2014,8
Sorell - Dodges Ferry,2015,9
Sorell - Dodges Ferry,2016,11
South Canberra,2011,97
South Canberra,2012,97
South Canberra,2013,97
South Canberra,2014,97
South Canberra,2015,97
South Canberra,2016,97
South Coast,2011,2
South Coast,2012,2
South Coast,2013,1
South Coast,2014,1
South Coast,2015,1
South Coast,2016,1
South East Coast,2011,1
South East Coast,2012,1
South East Coast,2013,1
South East Coast,2014,1
South East Coast,2015,1
South East Coast,2016,1
South Perth,2011,93
South Perth,2012,94
South Perth,2013,95
South Perth,2014,95
South Perth,2015,95
South Perth,2016,94
Southern Highlands,2011,49
Southern Highlands,2012,48
Southern Highlands,2013,47
Southern Highlands,2014,49
Southern Highlands,2015,48
Southern Highlands,2016,52
Southport,2011,10
Southport,2012,11
Southport,2013,12
Southport,2014,13
Southport,2015,13
Southport,2016,13
Springfield - Redbank,2011,35
Springfield - Redbank,2012,40
Springfield - Redbank,2013,39
Springfield - Redbank,2014,39
Springfield - Redbank,2015,37
Springfield - Redbank,2016,32
Springwood - Kingston,2011,21
Springwood - Kingston,2012,25
Springwood - Kingston,2013,21
Springwood - Kingston,2014,22
Springwood - Kingston,2015,21
Springwood - Kingston,2016,19
St Marys,2011,37
St Marys,2012,34
St Marys,2013,32
St Marys,2014,31
St Marys,2015,32
St Marys,2016,31
Stirling,2011,80
Stirling,2012,82
Stirling,2013,84
Stirling,2014,84
Stirling,2015,82
Stirling,2016,81
Stonnington - East,2011,96
Stonnington - East,2012,96
Stonnington - East,2013,95
Stonnington - East,2014,96
Stonnington - East,2015,96
Stonnington - East,2016,97
Stonnington - West,2011,97
Stonnington - West,2012,95
Stonnington - West,2013,94
Stonnington - West,2014,94
Stonnington - West,2015,94
Stonnington - West,2016,94
Strathfield - Burwood - Ashfield,2011,59
Strathfield - Burwood - Ashfield,2012,56
Strathfield - Burwood - Ashfield,2013,56
Strathfield - Burwood - Ashfield,2014,57
Strathfield - Burwood - Ashfield,2015,58
Strathfield - Burwood - Ashfield,2016,60
Strathpine,2011,31
Strathpine,2012,33
Strathpine,2013,31
Strathpine,2014,29
Strathpine,2015,27
Strathpine,2016,27
Sunbury,2011,51
Sunbury,2012,49
Sunbury,2013,49
Sunbury,2014,48
Sunbury,2015,46
Sunbury,2016,48
Sunnybank,2011,28
Sunnybank,2012,27
Sunnybank,2013,21
Sunnybank,2014,16
Sunnybank,2015,11
Sunnybank,2016,9
Sunshine Coast Hinterland,2011,16
Sunshine Coast Hinterland,2012,19
Sunshine Coast Hinterland,2013,24
Sunshine Coast Hinterland,2014,27
Sunshine Coast Hinterland,2015,27
Sunshine Coast Hinterland,2016,23
Surf Coast - Bellarine Peninsula,2011,43
Surf Coast - Bellarine Peninsula,2012,41
Surf Coast - Bellarine Peninsula,2013,39
Surf Coast - Bellarine Peninsula,2014,40
Surf Coast - Bellarine Peninsula,2015,42
Surf Coast - Bellarine Peninsula,2016,43
Surfers Paradise,2011,28
Surfers Paradise,2012,25
Surfers Paradise,2013,24
Surfers Paradise,2014,25
Surfers Paradise,2015,19
Surfers Paradise,2016,19
Sutherland - Menai - Heathcote,2011,82
Sutherland - Menai - Heathcote,2012,78
Sutherland - Menai - Heathcote,2013,77
Sutherland - Menai - Heathcote,2014,75
Sutherland - Menai - Heathcote,2015,77
Sutherland - Menai - Heathcote,2016,80
Swan,2011,64
Swan,2012,65
Swan,2013,71
Swan,2014,70
Swan,2015,69
Swan,2016,66
Sydney Inner City,2011,83
Sydney Inner City,2012,80
Sydney Inner City,2013,79
Sydney Inner City,2014,83
Sydney Inner City,2015,84
Sydney Inner City,2016,85
Tablelands (East) - Kuranda,2011,8
Tablelands (East) - Kuranda,2012,9
Tablelands (East) - Kuranda,2013,8
Tablelands (East) - Kuranda,2014,9
Tablelands (East) - Kuranda,2015,8
Tablelands (East) - Kuranda,2016,6
Tamworth - Gunnedah,2011,19
Tamworth - Gunnedah,2012,18
Tamworth - Gunnedah,2013,18
Tamworth - Gunnedah,2014,18
Tamworth - Gunnedah,2015,21
Tamworth - Gunnedah,2016,22
Taree - Gloucester,2011,6
Taree - Gloucester,2012,7
Taree - Gloucester,2013,7
Taree - Gloucester,2014,6
Taree - Gloucester,2015,6
Taree - Gloucester,2016,6
Tea Tree Gully,2011,42
Tea Tree Gully,2012,43
Tea Tree Gully,2013,42
Tea Tree Gully,2014,41
Tea Tree Gully,2015,40
Tea Tree Gully,2016,40
The Gap - Enoggera,2011,79
The Gap - Enoggera,2012,80
The Gap - Enoggera,2013,75
The Gap - Enoggera,2014,74
The Gap - Enoggera,2015,78
The Gap - Enoggera,2016,79
The Hills District,2011,77
The Hills District,2012,77
The Hills District,2013,76
The Hills District,2014,74
The Hills District,2015,75
The Hills District,2016,76
Toowoomba,2011,28
Toowoomba,2012,32
Toowoomba,2013,33
Toowoomba,2014,37
Toowoomba,2015,36
Toowoomba,2016,34
Townsville,2011,61
Townsville,2012,59
Townsville,2013,60
Townsville,2014,60
Townsville,2015,57
Townsville,2016,57
Tuggeranong,2011,81
Tuggeranong,2012,78
Tuggeranong,2013,77
Tuggeranong,2014,75
Tuggeranong,2015,73
Tuggeranong,2016,77
Tullamarine - Broadmeadows,2011,21
Tullamarine - Broadmeadows,2012,17
Tullamarine - Broadmeadows,2013,15
Tullamarine - Broadmeadows,2014,14
Tullamarine - Broadmeadows,2015,13
Tullamarine - Broadmeadows,2016,15
Tumut - Tumbarumba,2011,26
Tumut - Tumbarumba,2012,25
Tumut - Tumbarumba,2013,19
Tumut - Tumbarumba,2014,22
Tumut - Tumbarumba,2015,21
Tumut - Tumbarumba,2016,23
Tweed Valley,2011,11
Tweed Valley,2012,11
Tweed Valley,2013,13
Tweed Valley,2014,15
Tweed Valley,2015,14
Tweed Valley,2016,13
Unley,2011,86
Unley,2012,85
Unley,2013,82
Unley,2014,81
Unley,2015,81
Unley,2016,83
Upper Goulburn Valley,2011,11
Upper Goulburn Valley,2012,9
Upper Goulburn Valley,2013,8
Upper Goulburn Valley,2014,8
Upper Goulburn Valley,2015,8
Upper Goulburn Valley,2016,9
Upper Hunter,2011,75
Upper Hunter,2012,79
Upper Hunter,2013,79
Upper Hunter,2014,78
Upper Hunter,2015,76
Upper Hunter,2016,76
Upper Murray exc. Albury,2011,3
Upper Murray exc. Albury,2012,3
Upper Murray exc. Albury,2013,3
Upper Murray exc. Albury,2014,3
Upper Murray exc. Albury,2015,3
Upper Murray exc. Albury,2016,3
Urriarra - Namadgi,2011,67
Urriarra - Namadgi,2012,85
Urriarra - Namadgi,2013,74
Urriarra - Namadgi,2014,80
Urriarra - Namadgi,2015,80
Urriarra - Namadgi,2016,96
Wagga Wagga,2011,22
Wagga Wagga,2012,19
Wagga Wagga,2013,17
Wagga Wagga,2014,18
Wagga Wagga,2015,20
Wagga Wagga,2016,23
Wangaratta - Benalla,2011,6
Wangaratta - Benalla,2012,5
Wangaratta - Benalla,2013,6
Wangaratta - Benalla,2014,6
Wangaratta - Benalla,2015,7
Wangaratta - Benalla,2016,8
Wanneroo,2011,63
Wanneroo,2012,66
Wanneroo,2013,70
Wanneroo,2014,70
Wanneroo,2015,70
Wanneroo,2016,66
Warringah,2011,90
Warringah,2012,89
Warringah,2013,89
Warringah,2014,88
Warringah,2015,91
Warringah,2016,90
Warrnambool,2011,9
Warrnambool,2012,7
Warrnambool,2013,6
Warrnambool,2014,7
Warrnambool,2015,6
Warrnambool,2016,7
Wellington,2011,45
Wellington,2012,45
Wellington,2013,46
Wellington,2014,46
Wellington,2015,47
Wellington,2016,45
West Coast,2011,18
West Coast,2012,18
West Coast,2013,19
West Coast,2014,16
West Coast,2015,12
West Coast,2016,12
West Pilbara,2011,98
West Pilbara,2012,99
West Pilbara,2013,100
West Pilbara,2014,99
West Pilbara,2015,99
West Pilbara,2016,98
West Torrens,2011,36
West Torrens,2012,36
West Torrens,2013,34
West Torrens,2014,35
West Torrens,2015,35
West Torrens,2016,36
Weston Creek,2011,89
Weston Creek,2012,90
Weston Creek,2013,90
Weston Creek,2014,90
Weston Creek,2015,88
Weston Creek,2016,91
Wheat Belt - North,2011,34
Wheat Belt - North,2012,44
Wheat Belt - North,2013,48
Wheat Belt - North,2014,50
Wheat Belt - North,2015,48
Wheat Belt - North,2016,48
Wheat Belt - South,2011,11
Wheat Belt - South,2012,18
Wheat Belt - South,2013,17
Wheat Belt - South,2014,20
Wheat Belt - South,2015,23
Wheat Belt - South,2016,21
Whitehorse - East,2011,64
Whitehorse - East,2012,58
Whitehorse - East,2013,56
Whitehorse - East,2014,56
Whitehorse - East,2015,58
Whitehorse - East,2016,62
Whitehorse - West,2011,71
Whitehorse - West,2012,67
Whitehorse - West,2013,66
Whitehorse - West,2014,66
Whitehorse - West,2015,65
Whitehorse - West,2016,67
Whitsunday,2011,18
Whitsunday,2012,44
Whitsunday,2013,44
Whitsunday,2014,39
Whitsunday,2015,32
Whitsunday,2016,23
Whittlesea - Wallan,2011,30
Whittlesea - Wallan,2012,28
Whittlesea - Wallan,2013,26
Whittlesea - Wallan,2014,23
Whittlesea - Wallan,2015,24
Whittlesea - Wallan,2016,26
Woden Valley,2011,94
Woden Valley,2012,92
Woden Valley,2013,92
Woden Valley,2014,92
Woden Valley,2015,91
Woden Valley,2016,94
Wodonga - Alpine,2011,16
Wodonga - Alpine,2012,12
Wodonga - Alpine,2013,11
Wodonga - Alpine,2014,11
Wodonga - Alpine,2015,13
Wodonga - Alpine,2016,14
Wollondilly,2011,60
Wollondilly,2012,61
Wollondilly,2013,59
Wollondilly,2014,59
Wollondilly,2015,60
Wollondilly,2016,61
Wollongong,2011,68
Wollongong,2012,67
Wollongong,2013,65
Wollongong,2014,66
Wollongong,2015,66
Wollongong,2016,67
Wyndham,2011,47
Wyndham,2012,45
Wyndham,2013,44
Wyndham,2014,43
Wyndham,2015,43
Wyndham,2016,42
Wynnum - Manly,2011,73
Wynnum - Manly,2012,72
Wynnum - Manly,2013,72
Wynnum - Manly,2014,73
Wynnum - Manly,2015,74
Wynnum - Manly,2016,75
Wyong,2011,27
Wyong,2012,26
Wyong,2013,27
Wyong,2014,26
Wyong,2015,27
Wyong,2016,27
Yarra,2011,87
Yarra,2012,88
Yarra,2013,85
Yarra,2014,85
Yarra,2015,85
Yarra,2016,86
Yarra Ranges,2011,33
Yarra Ranges,2012,30
Yarra Ranges,2013,29
Yarra Ranges,2014,28
Yarra Ranges,2015,31
Yarra Ranges,2016,35
Yorke Peninsula,2011,1
Yorke Peninsula,2012,1
Yorke Peninsula,2013,2
Yorke Peninsula,2014,2
Yorke Peninsula,2015,2
Yorke Peninsula,2016,2
Young - Yass,2011,36
Young - Yass,2012,38
Young - Yass,2013,36
Young - Yass,2014,40
Young - Yass,2015,37
Young - Yass,2016,45
